{"PSNR_score": 32.4852294921875, "SSIM_score": 0.9436575174331665, "AIU_scores": 1.3315579050391757e-08, "_timestamp": 1700018534.4283946, "_runtime": 17.076794624328613, "_step": 112, "PSNR_score_mean": 33.84873121611926, "SSIM_score_mean": 0.8909768632480076, "AIU_scores_mean": 0.0908008738116366, "IoU(thresholds)": 0.08317227242206952, "thresholds": 0.99, "_wandb": {"runtime": 16}}