{"PSNR_score": 27.477210998535156, "SSIM_score": 0.787739634513855, "AIU_scores": 0.31718129803467093, "_timestamp": 1693913310.0572076, "_runtime": 19.86191463470459, "_step": 113, "PSNR_score_mean": 30.6001066171898, "SSIM_score_mean": 0.8265140798856627, "AIU_scores_mean": 0.20049317208274742, "IoU(thresholds)": 0.07789151534586544, "thresholds": 0.99, "_wandb": {"runtime": 17}}