{"PSNR_score": 38.688987731933594, "SSIM_score": 0.9517326951026917, "AIU_scores": 0.3480215259942176, "_timestamp": 1690271609.1617112, "_runtime": 6.485973119735718, "_step": 100, "PSNR_score_mean": 38.688987731933594, "SSIM_score_mean": 0.9517326951026917, "AIU_scores_mean": 0.3480215259942176, "IoU(thresholds)": 0.5784695219262017, "thresholds": 0.99, "_wandb": {"runtime": 5}}