{"PSNR_score": 25.036041259765625, "SSIM_score": 0.5780718922615051, "AIU_scores": 3.648041250069103e-09, "_timestamp": 1689924548.826414, "_runtime": 5.279767990112305, "_step": 100, "PSNR_score_mean": 25.036041259765625, "SSIM_score_mean": 0.5780718922615051, "AIU_scores_mean": 3.648041250069103e-09, "IoU(thresholds)": 8.703220115724804e-09, "thresholds": 0.99, "_wandb": {"runtime": 4}}