{"PSNR_score": 32.17470169067383, "SSIM_score": 0.9425339698791504, "AIU_scores": 2.6666665955555578e-08, "_timestamp": 1688966748.7093935, "_runtime": 5.098721504211426, "_step": 100, "PSNR_score_mean": 32.17470169067383, "SSIM_score_mean": 0.9425339698791504, "AIU_scores_mean": 2.6666665955555578e-08, "IoU(thresholds)": 2.6666665955555578e-08, "thresholds": 0.99, "_wandb": {"runtime": 4}}