{"PSNR_score": 30.735763549804688, "SSIM_score": 0.7302350401878357, "AIU_scores": 3.342055871309249e-09, "_timestamp": 1689659600.358362, "_runtime": 5.246060848236084, "_step": 100, "PSNR_score_mean": 30.735763549804688, "SSIM_score_mean": 0.7302350401878357, "AIU_scores_mean": 3.342055871309249e-09, "IoU(thresholds)": 1.855287535152365e-08, "thresholds": 0.99, "_wandb": {"runtime": 4}}