{"PSNR_score": 33.250423431396484, "SSIM_score": 0.7710791230201721, "AIU_scores": 0.23679592512902362, "_timestamp": 1691495837.3005157, "_runtime": 14.853023767471313, "_step": 101, "PSNR_score_mean": 34.033311462402345, "SSIM_score_mean": 0.8721076687177022, "AIU_scores_mean": 0.251544741542647, "IoU(thresholds)": 0.15712082736331942, "thresholds": 0.99, "_wandb": {"runtime": 14}}