{"PSNR_score": 25.344749450683594, "SSIM_score": 0.5836398005485535, "AIU_scores": 0.005012294312290177, "_timestamp": 1689922668.918077, "_runtime": 5.6770079135894775, "_step": 100, "PSNR_score_mean": 25.344749450683594, "SSIM_score_mean": 0.5836398005485535, "AIU_scores_mean": 0.005012294312290177, "IoU(thresholds)": 4.638218902420135e-09, "thresholds": 0.99, "_wandb": {"runtime": 4}}