{"PSNR_score": 30.35933494567871, "SSIM_score": 0.6590693593025208, "AIU_scores": 0.46941530277468363, "_timestamp": 1688871413.6752338, "_runtime": 5.2097039222717285, "_step": 100, "PSNR_score_mean": 30.35933494567871, "SSIM_score_mean": 0.6590693593025208, "AIU_scores_mean": 0.46941530277468363, "IoU(thresholds)": 0.3118971088750116, "thresholds": 0.99, "_wandb": {"runtime": 4}}