{"PSNR_score": 36.43543243408203, "SSIM_score": 0.949944794178009, "AIU_scores": 8.298755117852657e-09, "_timestamp": 1700018994.302617, "_runtime": 16.857484102249146, "_step": 112, "PSNR_score_mean": 33.613294873918804, "SSIM_score_mean": 0.892443442831234, "AIU_scores_mean": 0.09502085932822159, "IoU(thresholds)": 0.08285274617197977, "thresholds": 0.99, "_wandb": {"runtime": 16}}