{"PSNR_score": 25.26728630065918, "SSIM_score": 0.5892810821533203, "AIU_scores": 5.450365684426354e-06, "_timestamp": 1690174789.741695, "_runtime": 6.20946192741394, "_step": 100, "PSNR_score_mean": 25.26728630065918, "SSIM_score_mean": 0.5892810821533203, "AIU_scores_mean": 5.450365684426354e-06, "IoU(thresholds)": 1.3495276471048902e-08, "thresholds": 0.99, "_wandb": {"runtime": 5}}