{"PSNR_score": 32.26847457885742, "SSIM_score": 0.8532535433769226, "AIU_scores": 2.172041571450142e-09, "_timestamp": 1690267015.4063299, "_runtime": 6.056395769119263, "_step": 100, "PSNR_score_mean": 32.26847457885742, "SSIM_score_mean": 0.8532535433769226, "AIU_scores_mean": 2.172041571450142e-09, "IoU(thresholds)": 6.59630602509033e-09, "thresholds": 0.99, "_wandb": {"runtime": 5}}