{"PSNR_score": 31.755979537963867, "SSIM_score": 0.7021175026893616, "AIU_scores": 0.096905215355958, "_timestamp": 1696214129.3052125, "_runtime": 8.811219453811646, "_step": 101, "PSNR_score_mean": 31.62855291366577, "SSIM_score_mean": 0.8030696585774422, "AIU_scores_mean": 0.08789702180466875, "IoU(thresholds)": 0.025344919061929615, "thresholds": 0.99, "_wandb": {"runtime": 7}}