{"PSNR_score": 30.00652313232422, "SSIM_score": 0.7945389151573181, "AIU_scores": 0.006591923361782327, "_timestamp": 1694573876.5411124, "_runtime": 6.241584539413452, "_step": 100, "PSNR_score_mean": 30.592413902282715, "SSIM_score_mean": 0.8240507245063782, "AIU_scores_mean": 0.006591923361782327, "IoU(thresholds)": 0.01522436291337417, "thresholds": 0.99, "_wandb": {"runtime": 5}}