{"PSNR_score": 20.60807228088379, "SSIM_score": 0.25309041142463684, "AIU_scores": 2.920452020930443e-09, "_timestamp": 1688880369.2516267, "_runtime": 5.32313871383667, "_step": 100, "PSNR_score_mean": 20.60807228088379, "SSIM_score_mean": 0.25309041142463684, "AIU_scores_mean": 2.920452020930443e-09, "IoU(thresholds)": 1.5243902206647835e-08, "thresholds": 0.99, "_wandb": {"runtime": 4}}