{"PSNR_score": 34.68944549560547, "SSIM_score": 0.826521635055542, "AIU_scores": 0.16620518788063865, "_timestamp": 1698128355.270155, "_runtime": 13.578891038894653, "_step": 104, "PSNR_score_mean": 31.328847885131836, "SSIM_score_mean": 0.845186397433281, "AIU_scores_mean": 0.1612006459940344, "IoU(thresholds)": 0.045150436428405966, "thresholds": 0.99, "_wandb": {"runtime": 10}}