{"PSNR_score": 31.096059799194336, "SSIM_score": 0.8280070424079895, "AIU_scores": 0.26012058218596346, "_timestamp": 1700018938.5018988, "_runtime": 19.29194974899292, "_step": 112, "PSNR_score_mean": 33.66439449543856, "SSIM_score_mean": 0.8918144386641833, "AIU_scores_mean": 0.09408841108728577, "IoU(thresholds)": 0.08378528796205423, "thresholds": 0.99, "_wandb": {"runtime": 16}}