{"PSNR_score": 34.25282669067383, "SSIM_score": 0.9425484538078308, "AIU_scores": 0.006401778245280879, "_timestamp": 1702884457.9846103, "_runtime": 6.536344289779663, "_step": 100, "PSNR_score_mean": 34.25282669067383, "SSIM_score_mean": 0.9425484538078308, "AIU_scores_mean": 0.006401778245280879, "IoU(thresholds)": 0.005177284271764538, "thresholds": 0.99, "_wandb": {"runtime": 5}}