{"PSNR_score": 32.62864685058594, "SSIM_score": 0.8557775020599365, "AIU_scores": 1.5214192531547247e-09, "_timestamp": 1690178793.7766507, "_runtime": 5.960615634918213, "_step": 100, "PSNR_score_mean": 32.62864685058594, "SSIM_score_mean": 0.8557775020599365, "AIU_scores_mean": 1.5214192531547247e-09, "IoU(thresholds)": 3.160556247912275e-09, "thresholds": 0.99, "_wandb": {"runtime": 5}}