{"PSNR_score": 25.26222038269043, "SSIM_score": 0.5755680799484253, "AIU_scores": 1.2783642079715291e-05, "_timestamp": 1690177744.2513518, "_runtime": 7.0121729373931885, "_step": 100, "PSNR_score_mean": 25.26222038269043, "SSIM_score_mean": 0.5755680799484253, "AIU_scores_mean": 1.2783642079715291e-05, "IoU(thresholds)": 6.854009548635988e-09, "thresholds": 0.99, "_wandb": {"runtime": 5}}