{"PSNR_score": 32.616188049316406, "SSIM_score": 0.8546215891838074, "AIU_scores": 2.166631500443688e-09, "_timestamp": 1690270562.181214, "_runtime": 6.478710174560547, "_step": 100, "PSNR_score_mean": 32.616188049316406, "SSIM_score_mean": 0.8546215891838074, "AIU_scores_mean": 2.166631500443688e-09, "IoU(thresholds)": 6.3371355745428675e-09, "thresholds": 0.99, "_wandb": {"runtime": 5}}