{"PSNR_score": 21.29192543029785, "SSIM_score": 0.27826958894729614, "AIU_scores": 0.1784102223030225, "_timestamp": 1690177817.4345622, "_runtime": 28.19411826133728, "_step": 109, "PSNR_score_mean": 27.224702113713974, "SSIM_score_mean": 0.5875224524583572, "AIU_scores_mean": 0.07158872478512857, "IoU(thresholds)": 0.09195037087960471, "thresholds": 0.99, "_wandb": {"runtime": 27}}