{"PSNR_score": 21.008432388305664, "SSIM_score": 0.2699297070503235, "AIU_scores": 0.33333333461855363, "_timestamp": 1688883759.9044578, "_runtime": 24.0138418674469, "_step": 105, "PSNR_score_mean": 23.21289805478828, "SSIM_score_mean": 0.4009936562804289, "AIU_scores_mean": 0.13648111847795402, "IoU(thresholds)": 0.23255832106829735, "thresholds": 0.99, "_wandb": {"runtime": 23}}