{"PSNR_score": 33.9615478515625, "SSIM_score": 0.7890102863311768, "AIU_scores": 0.05616711071847417, "_timestamp": 1694848126.8681712, "_runtime": 13.174355268478394, "_step": 105, "PSNR_score_mean": 31.716633257658586, "SSIM_score_mean": 0.8380814661150393, "AIU_scores_mean": 0.20357915632174656, "IoU(thresholds)": 0.08588924421778302, "thresholds": 0.99, "_wandb": {"runtime": 12}}